timestamp,q01,q02,q05,q06,q07,q08,q09,q11,q12_genderbalance,q12_diversity,q12_equity,q12_inclusion,q14,q17_genderbalance,q17_diversity,q17_equity,q17_inclusion,q19,q03_regional,q04_regional,q01_clustered,q13_clustered,q01q02_clustered,q13q14_clustered,q10_binned,q13_binned,q15_polarity,q15_subjectivity,q16_polarity,q16_subjectivity,q18_polarity,q18_subjectivity,q20_polarity,q20_subjectivity,q21_polarity,q21_subjectivity,q22_polarity,q22_subjectivity
2023-07-08,30s,Male,Postdoc,GA: Gamma-ray astronomy,Experimentalist,5 - 10 yeas,No,Yes,Very Poor,Very Poor,Very Poor,Very Poor,Very Poor,Agree,Agree,Agree,Agree,Junior High school,America,Europe,Cluster1,Others,Cluster2,Others,0,30%,,,,,,,,,,,,
2023-07-08,40s,Male,Permanent staff,CRI: Cosmic-ray physics (Indirect),Experimentalist,> 10 years,Yes,No,Poor,Poor,Poor,Poor,Poor,No interest,No interest,No interest,No interest,Elementary school,Asia,Asia,Cluster2,Cluster1,Others,Cluster1,(rare),0%,,,,,,,,,,,,
2023-07-08,40s,Male,Permanent staff,GA: Gamma-ray astronomy,Experimentalist,> 10 years,No,No,Poor,Poor,Good,Good,Poor,Agree,Agree,Agree,Agree,High school,Asia,Asia,Cluster2,Cluster1,Others,Cluster1,1,10%,,,,,,,,,,,,
2023-07-08,30s,Male,Fixed-term staff,CRD: Cosmic-ray physics (Direct),Experimentalist,5 - 10 yeas,Yes,No,Very Poor,Poor,Good,Good,Very Poor,Agree,Agree,Agree,Agree,Elementary school,America,America,Cluster1,Cluster1,Cluster2,Cluster1,4,10%,,,,,,,,,,,,
2023-07-08,20s,Male,Doctrate,NU: Neutrino astronomy & physics,Experimentalist,1 - 3 years,Prefer not to answer,Yes,Prefer not to answer,Good,Poor,Poor,Poor,Agree,Agree,Agree,Agree,University,America,Asia,Cluster1,Cluster2,Cluster2,Others,3,40%,,,,,,,,,,,,
2023-07-08,40s,Male,Fixed-term staff,CRI: Cosmic-ray physics (Indirect),Experimentalist,> 10 years,No,No,Poor,Good,Very Good,Very Good,Very Poor,Agree,Agree,Agree,Agree,Junior High school,Asia,Asia,Cluster2,Cluster1,Others,Cluster1,3,0%,,,,,,,,,,,,
2023-07-08,30s,Male,Postdoc,MM&GW: Multimessenger & gravitational wave,Theorist,5 - 10 yeas,Yes,No,Good,Good,Good,Good,Poor,No interest,Agree,Agree,Agree,High school,Asia,Asia,Cluster1,Cluster1,Cluster2,Cluster1,6,0%,0.0,0.0,,,0.0,0.0,,,,,,
2023-07-08,40s,Male,Fixed-term staff,DM: Dark-matter physics,Prefer not to answer,> 10 years,Yes,No,No interest,No interest,No interest,No interest,No interest,No interest,No interest,No interest,No interest,Elementary school,Asia,Asia,Cluster2,Others,Others,Others,4,25%,,,,,,,,,0.25,0.4,,
2023-07-08,20s,Male,Postdoc,MM&GW: Multimessenger & gravitational wave,Experimentalist,5 - 10 yeas,Yes,No,No interest,Very Good,Very Good,Good,No interest,No interest,Agree,Agree,Agree,Pre school,Europe,Europe,Cluster1,Cluster2,Cluster2,Others,0,60%,,,,,,,,,,,,
2023-07-08,50s,Male,Permanent staff,CRI: Cosmic-ray physics (Indirect),Experimentalist,> 10 years,Yes,No,Very Poor,Very Poor,Good,Poor,Very Poor,Agree,Agree,Agree,Agree,Pre school,Asia,Asia,Cluster2,Cluster1,Others,Cluster1,1,0%,,,,,,,,,,,,
2023-07-08,60s,Male,Permanent staff,NU: Neutrino astronomy & physics,Experimentalist,> 10 years,Yes,Prefer not to answer,Poor,Poor,Good,Poor,Poor,Disagree,Agree,Agree,Agree,Elementary school,Asia,Asia,Cluster2,Cluster1,Others,Cluster1,2,0%,,,,,-0.0541666666666666,0.3666666666666667,,,,,,
2023-07-08,30s,Male,Fixed-term staff,MM&GW: Multimessenger & gravitational wave,Experimentalist,5 - 10 yeas,Yes,No,Very Good,Very Good,Very Good,Very Good,Poor,Agree,Agree,Agree,Agree,Elementary school,America,Europe,Cluster1,Others,Cluster2,Others,4,25%,0.0,0.0,-0.25,0.8888888888888888,,,0.0,0.0,0.0,0.0,,
2023-07-08,50s,Male,Permanent staff,CRI: Cosmic-ray physics (Indirect),Experimentalist,> 10 years,No,No,Good,Good,Poor,Poor,Good,Disagree,Disagree,Agree,Agree,High school,Asia,Asia,Cluster2,Cluster1,Others,Others,10+,0%,,,,,,,,,,,,
2023-07-08,60s,Male,Permanent staff,CRI: Cosmic-ray physics (Indirect),Experimentalist,> 10 years,Yes,No,Prefer not to answer,Prefer not to answer,Prefer not to answer,Prefer not to answer,Prefer not to answer,Prefer not to answer,Prefer not to answer,Prefer not to answer,Prefer not to answer,Elementary school,Asia,Asia,Cluster2,Cluster1,Others,Others,1,0%,,,,,,,,,,,0.0,0.75
2023-07-08,20s,Male,Postdoc,GA: Gamma-ray astronomy,Experimentalist,5 - 10 yeas,Prefer not to answer,No,Poor,Poor,Good,Good,Poor,Agree,Prefer not to answer,Agree,Agree,University,Asia,Asia,Cluster1,Cluster1,Cluster2,Cluster1,2,10%,,,,,,,,,0.16,0.5399999999999999,0.0,0.1
2023-07-08,30s,Male,Postdoc,CRI: Cosmic-ray physics (Indirect),Theorist,1 - 3 years,No,Yes,Good,Very Good,Very Good,Very Good,Good,Agree,Agree,Agree,Agree,University,Europe,Europe,Cluster1,Others,Cluster2,Others,Prefer not to answer,20%,,,,,,,0.2375,0.7125,0.1666666666666666,0.5,,
2023-07-08,30s,Male,Permanent staff,GA: Gamma-ray astronomy,Others,> 10 years,Yes,No,Good,Good,Good,Good,Good,Agree,Agree,Agree,Agree,University,Asia,Asia,Cluster1,Cluster1,Cluster2,Others,2,10%,0.0,0.125,0.0,0.0,0.5,0.5,0.0,0.0,0.0,0.0,0.0,0.0
2023-07-08,40s,Male,Permanent staff,GA: Gamma-ray astronomy,Experimentalist,> 10 years,Yes,Yes,Good,Good,Very Good,Poor,Poor,Agree,Agree,Agree,Agree,Elementary school,Asia,Asia,Cluster2,Cluster1,Others,Cluster1,4,10%,,,-0.2083333333333333,0.2083333333333333,,,,,,,,
2023-07-08,20s,Female,Master,NU: Neutrino astronomy & physics,Experimentalist,1 - 3 years,Yes,Yes,Poor,Very Good,Poor,Good,Poor,Agree,Agree,Agree,Agree,Elementary school,Asia,Asia,Cluster1,Cluster1,Cluster1,Cluster1,1,20%,,,,,,,,,,,,
2023-07-08,50s,Male,Permanent staff,GA: Gamma-ray astronomy,Experimentalist,> 10 years,Yes,Yes,Good,Good,Good,Good,Good,Agree,Agree,Agree,Agree,Junior High school,Asia,Asia,Cluster2,Others,Others,Cluster2,1,30%,,,,,,,,,,,,
2023-07-08,30s,Female,Fixed-term staff,GA: Gamma-ray astronomy,Experimentalist,5 - 10 yeas,Yes,No,Good,Poor,Good,Good,Very Poor,Agree,Agree,Agree,Agree,Elementary school,Asia,Asia,Cluster1,Cluster1,Cluster1,Cluster1,(rare),10%,,,,,,,,,,,,
2023-07-08,30s,Male,Permanent staff,NU: Neutrino astronomy & physics,Experimentalist,1 - 3 years,Yes,Yes,Good,Good,Good,Good,Good,Agree,Agree,Agree,Agree,Pre school,Asia,Asia,Cluster1,Cluster1,Cluster2,Others,4,20%,,,,,,,,,,,,
2023-07-08,30s,Male,Permanent staff,CRD: Cosmic-ray physics (Direct),Experimentalist,> 10 years,Prefer not to answer,Prefer not to answer,Good,Good,Good,Good,Poor,Agree,Agree,Agree,Agree,High school,Asia,Europe,Cluster1,Cluster1,Cluster2,Cluster1,Prefer not to answer,20%,0.5,0.5,0.5,0.5,0.0,0.0,0.0,0.0,0.0,0.0,0.0,0.0
2023-07-08,60s,Male,Permanent staff,MM&GW: Multimessenger & gravitational wave,Experimentalist,> 10 years,Yes,No,Good,Good,Good,Good,Poor,Agree,Agree,Agree,Agree,Pre school,Asia,Asia,Cluster2,Cluster1,Others,Cluster1,0,10%,,,,,,,,,,,,
2023-07-08,60s,Male,Permanent staff,GA: Gamma-ray astronomy,Experimentalist,> 10 years,Yes,No,Good,Poor,Very Good,Good,Good,Agree,Agree,Agree,Agree,Junior High school,Asia,Asia,Cluster2,Others,Others,Cluster2,1,30%,,,,,,,-0.075,0.4,-0.125,0.375,,
2023-07-08,20s,Female,Undergraduate,GA: Gamma-ray astronomy,Theorist,< 1 year,Yes,No,Poor,Poor,Good,Good,Very Poor,Agree,Agree,Agree,Agree,Junior High school,America,America,Cluster1,Cluster1,Cluster1,Cluster1,3,10%,,,,,,,,,,,,
2023-07-08,50s,Male,Permanent staff,GA: Gamma-ray astronomy,Theorist,> 10 years,Yes,No,No interest,No interest,Good,Good,No interest,No interest,No interest,Agree,Agree,Elementary school,Asia,Asia,Cluster2,Cluster1,Others,Others,0,0%,,,,,0.2433333333333333,0.383611111111111,,,,,,
2023-07-08,30s,Female,Permanent staff,CRI: Cosmic-ray physics (Indirect),Experimentalist,5 - 10 yeas,Yes,No,Poor,Very Poor,Poor,Poor,Good,Disagree,Agree,Disagree,Agree,Prefer not to answer,Asia,Asia,Cluster1,Others,Cluster1,Cluster2,(rare),30%,,,,,0.2321428571428571,0.5535714285714286,-0.023015873015873,0.1857142857142857,,,,
2023-07-08,30s,Female,Postdoc,CRD: Cosmic-ray physics (Direct),Theorist,3 - 5 years,No,Yes,Very Poor,Very Poor,Very Poor,Very Poor,Very Poor,Agree,Agree,Agree,Agree,Pre school,Europe,Europe,Cluster1,Others,Cluster1,Others,1,25%,,,,,,,-0.0363636363636363,0.4727272727272727,-0.1,0.3,,
2023-07-08,40s,Male,Fixed-term staff,SH: Solar & heliospheric physics,Experimentalist,> 10 years,No,Yes,Good,Poor,Good,Poor,Good,No interest,Agree,Agree,Agree,Junior High school,Asia,Europe,Cluster2,Cluster2,Others,Cluster2,1,60%,,,,,,,,,,,,
2023-07-08,30s,Female,Permanent staff,CRI: Cosmic-ray physics (Indirect),Theorist,5 - 10 yeas,Prefer not to answer,Yes,Poor,Poor,Poor,Poor,Poor,Agree,Agree,Agree,Agree,Junior High school,Europe,Europe,Cluster1,Cluster1,Cluster1,Cluster1,1,15%,,,0.0,0.0,,,,,0.2,0.5,,
2023-07-08,30s,Male,Fixed-term staff,CRI: Cosmic-ray physics (Indirect),Experimentalist,> 10 years,No,No,Very Poor,Very Poor,Very Poor,Very Poor,Very Poor,Agree,Agree,Agree,Agree,Elementary school,Europe,Europe,Cluster1,Cluster1,Cluster2,Cluster1,(rare),0%,,,,,,,0.0,0.0,,,,
2023-07-08,30s,Male,Postdoc,MM&GW: Multimessenger & gravitational wave,Theorist,5 - 10 yeas,Yes,No,Very Good,Very Good,Very Good,Very Good,No interest,No interest,Agree,No interest,Agree,Pre school,Europe,Asia,Cluster1,Cluster2,Cluster2,Others,5,40%,0.0,0.0,0.0,0.0,,,0.0,0.0,0.0,0.0,0.0,0.0
2023-07-08,40s,Male,Fixed-term staff,GA: Gamma-ray astronomy,Experimentalist,> 10 years,No,Prefer not to answer,Poor,Good,Good,Good,No interest,Disagree,Disagree,Agree,Agree,Elementary school,Asia,Asia,Cluster2,Cluster1,Others,Others,2,15%,,,0.2166666666666666,0.4083333333333333,0.2166666666666666,0.4083333333333333,0.1,0.4,,,,
2023-07-08,30s,Female,Fixed-term staff,CRI: Cosmic-ray physics (Indirect),Experimentalist,> 10 years,No,No,Good,Good,Good,Poor,Poor,Disagree,Agree,Agree,Agree,Pre school,America,Europe,Cluster1,Cluster1,Cluster1,Cluster1,1,20%,,,,,,,,,,,,
2023-07-08,20s,Female,Doctrate,NU: Neutrino astronomy & physics,Experimentalist,1 - 3 years,Yes,No,Good,Good,Poor,Poor,Poor,Agree,Agree,Agree,Agree,Elementary school,Europe,Europe,Cluster1,Others,Cluster1,Others,1,30%,,,,,0.45,0.75,,,-0.2,0.1,,
2023-07-08,30s,Female,Permanent staff,CRI: Cosmic-ray physics (Indirect),Experimentalist,> 10 years,Yes,No,Poor,Very Poor,Good,Good,Good,Agree,Agree,Agree,Agree,Elementary school,Europe,America,Cluster1,Others,Cluster1,Cluster2,0,30%,,,,,,,,,,,,
2023-07-08,30s,Male,Postdoc,CRI: Cosmic-ray physics (Indirect),Experimentalist,3 - 5 years,Yes,No,Very Good,Very Good,Very Good,Very Good,Good,Agree,Agree,Agree,Agree,High school,Europe,Europe,Cluster1,Cluster2,Cluster2,Cluster2,Prefer not to answer,40%,,,,,,,,,,,,
2023-07-08,50s,Male,Permanent staff,CRI: Cosmic-ray physics (Indirect),Others,3 - 5 years,Yes,No,Good,Good,Good,Good,Poor,Disagree,Disagree,Agree,Agree,High school,Europe,Europe,Cluster2,Cluster1,Others,Cluster1,2,20%,0.0,0.125,0.0,0.0,0.0,0.0,0.0,0.0,0.0,0.125,,
2023-07-08,40s,Female,Fixed-term staff,CRI: Cosmic-ray physics (Indirect),Experimentalist,> 10 years,Yes,No,Good,Good,Good,Good,Poor,Agree,Agree,Agree,Agree,Pre school,Europe,Europe,Cluster2,Others,Others,Others,2,25%,,,,,,,,,,,,
2023-07-08,20s,Male,Master,CRI: Cosmic-ray physics (Indirect),Experimentalist,1 - 3 years,Prefer not to answer,No,Poor,Good,Good,Very Good,Good,Disagree,Agree,Agree,Agree,Junior High school,Europe,Europe,Cluster1,Others,Cluster2,Cluster2,Prefer not to answer,30%,,,,,0.0,0.75,,,0.0,0.0,,
2023-07-08,50s,Male,Prefer not to answer,MM&GW: Multimessenger & gravitational wave,Theorist,> 10 years,No,No,Good,Good,Good,Good,Good,Agree,Agree,Agree,Agree,Prefer not to answer,Asia,Asia,Cluster2,Cluster1,Others,Others,6,10%,,,,,,,,,,,,
2023-07-08,20s,Female,Doctrate,MM&GW: Multimessenger & gravitational wave,Experimentalist,1 - 3 years,Yes,No,Good,Good,Good,Very Good,Poor,Agree,Agree,Agree,Agree,High school,Europe,Europe,Cluster1,Others,Cluster1,Others,3,30%,,,,,,,,,,,,
2023-07-08,60s,Male,Permanent staff,MM&GW: Multimessenger & gravitational wave,Experimentalist,> 10 years,Yes,Yes,Very Poor,Very Poor,Poor,Poor,Very Poor,Agree,Agree,Agree,Agree,Junior High school,Asia,Asia,Cluster2,Cluster1,Others,Cluster1,0,0%,,,,,,,,,,,,
2023-07-08,20s,Male,Doctrate,CRI: Cosmic-ray physics (Indirect),Experimentalist,1 - 3 years,Yes,No,Good,Good,Good,Prefer not to answer,Good,Agree,Agree,Agree,Agree,Elementary school,Europe,Europe,Cluster1,Cluster2,Cluster2,Cluster2,2,40%,,,,,,,,,,,,
2023-07-08,20s,Female,Master,DM: Dark-matter physics,Experimentalist,< 1 year,Yes,No,Prefer not to answer,Prefer not to answer,Prefer not to answer,Prefer not to answer,Poor,Prefer not to answer,Prefer not to answer,Prefer not to answer,Prefer not to answer,High school,Europe,Europe,Cluster1,Others,Cluster1,Others,2,25%,,,,,,,,,,,,
2023-07-08,40s,Male,Permanent staff,GA: Gamma-ray astronomy,Experimentalist,> 10 years,Prefer not to answer,No,Good,Good,Good,Good,Poor,Agree,Agree,Agree,Agree,Junior High school,Europe,Europe,Cluster2,Cluster1,Others,Cluster1,10+,20%,0.0,0.0,0.0,0.0,0.5,0.5,0.0,0.0,0.1,0.2,0.0,0.0
2023-07-08,50s,Male,Permanent staff,Prefer not to answer,Experimentalist,> 10 years,Yes,Yes,Poor,Poor,Good,Good,Poor,Agree,Agree,Agree,Agree,Pre school,Asia,Asia,Cluster2,Cluster1,Others,Cluster1,0,0%,0.0,0.0,0.0,0.0,,,,,0.2875,0.4875,,
2023-07-08,20s,Male,Permanent staff,NU: Neutrino astronomy & physics,Others,5 - 10 yeas,Yes,Yes,Very Poor,Very Poor,Very Good,Poor,Very Poor,Agree,Agree,Agree,Agree,Elementary school,Europe,Europe,Cluster1,Cluster1,Cluster2,Cluster1,3,10%,,,0.25,0.3333333333333333,0.175,0.6500000000000001,,,0.0,0.0,0.5,1.0
2023-07-08,30s,Female,Doctrate,CRD: Cosmic-ray physics (Direct),Experimentalist,3 - 5 years,Yes,Yes,Good,Good,Good,Good,Very Good,Agree,Agree,Agree,Agree,High school,Europe,Europe,Cluster1,Cluster2,Cluster1,Cluster2,1,50%,,,,,0.3625,0.55625,0.1166666666666666,0.5666666666666667,,,,
2023-07-08,30s,Male,Doctrate,GA: Gamma-ray astronomy,Experimentalist,3 - 5 years,Yes,Yes,Very Good,Good,Good,Good,Good,Agree,Agree,Agree,Agree,Junior High school,Europe,Africa,Cluster1,Cluster2,Cluster2,Cluster2,10+,60%,,,,,,,,,,,,
2023-07-08,20s,Male,Doctrate,CRI: Cosmic-ray physics (Indirect),Theorist,1 - 3 years,No,No,Prefer not to answer,Prefer not to answer,Prefer not to answer,Prefer not to answer,Very Poor,Prefer not to answer,Prefer not to answer,Prefer not to answer,Prefer not to answer,Junior High school,Europe,Europe,Cluster1,Cluster1,Cluster2,Cluster1,2,15%,,,,,,,,,,,,
2023-07-08,30s,Male,Fixed-term staff,CRI: Cosmic-ray physics (Indirect),Others,> 10 years,No,No,No interest,No interest,No interest,Good,No interest,Disagree,Disagree,Disagree,Agree,Pre school,Europe,Europe,Cluster1,Cluster2,Cluster2,Others,2,(rare),,,,,,,0.1273809523809524,0.5392857142857143,0.0,0.0,,
2023-07-08,20s,Male,Master,GA: Gamma-ray astronomy,Theorist,< 1 year,Yes,No,Good,Good,Good,Very Good,Good,Agree,Agree,Agree,Agree,Elementary school,Europe,Europe,Cluster1,Cluster2,Cluster2,Cluster2,0,40%,,,,,,,,,,,,
2023-07-08,20s,Male,Postdoc,CRI: Cosmic-ray physics (Indirect),Theorist,5 - 10 yeas,Yes,No,Poor,Poor,Good,Poor,Poor,Agree,Agree,Agree,Agree,University,Asia,America,Cluster1,Cluster1,Cluster2,Cluster1,5,10%,,,,,,,0.3333333333333333,1.0,0.1314814814814814,0.4277777777777778,,
2023-07-08,20s,Male,Doctrate,GA: Gamma-ray astronomy,Experimentalist,1 - 3 years,Yes,Yes,Poor,Poor,Good,Good,Very Poor,Agree,Agree,Agree,Agree,Junior High school,Europe,Europe,Cluster1,Cluster1,Cluster2,Cluster1,1,10%,0.0,0.0,0.0,0.0,0.16,0.325,,,0.0,0.1,,
2023-07-08,20s,Male,Doctrate,GA: Gamma-ray astronomy,Theorist,< 1 year,Yes,No,Prefer not to answer,Prefer not to answer,Prefer not to answer,Prefer not to answer,Poor,No interest,No interest,No interest,No interest,Junior High school,Europe,Europe,Cluster1,Cluster1,Cluster2,Cluster1,2,20%,,,,,,,,,0.3666666666666667,0.45,,
2023-07-08,60s,Male,Permanent staff,SH: Solar & heliospheric physics,Theorist,> 10 years,Yes,No,Good,Good,Good,Good,Very Poor,Agree,Disagree,Agree,Disagree,Junior High school,Asia,Asia,Cluster2,Cluster1,Others,Cluster1,10+,0%,0.0,0.0,0.0,0.0,0.0,0.0,0.0,0.0,0.0,0.0,0.91,0.7800000000000001
2023-07-08,40s,Male,Permanent staff,CRI: Cosmic-ray physics (Indirect),Experimentalist,> 10 years,No,No,Poor,Good,Good,Good,Very Good,Agree,Agree,Agree,Agree,Junior High school,America,Europe,Cluster2,Others,Others,Cluster2,3,30%,0.125,0.125,,,,,0.2266666666666666,0.5633333333333334,0.0222222222222222,0.3777777777777777,,
2023-07-08,30s,Female,Permanent staff,NU: Neutrino astronomy & physics,Experimentalist,> 10 years,Yes,No,Good,Good,Good,Good,Good,Agree,Agree,Agree,Agree,Elementary school,Europe,Europe,Cluster1,Others,Cluster1,Cluster2,5,35%,,,,,0.0,0.0,,,,,,
2023-07-08,30s,Female,Doctrate,GA: Gamma-ray astronomy,Prefer not to answer,3 - 5 years,Yes,No,Poor,Very Poor,Poor,Good,Poor,Agree,Agree,Agree,Agree,Junior High school,Europe,Europe,Cluster1,Others,Cluster1,Others,(rare),25%,,,,,,,,,,,,
2023-07-08,20s,Male,Doctrate,MM&GW: Multimessenger & gravitational wave,Experimentalist,3 - 5 years,Yes,No,Very Good,Very Good,Very Good,Very Good,Good,Agree,Agree,Agree,Agree,Junior High school,Europe,Europe,Cluster1,Cluster2,Cluster2,Cluster2,2,40%,,,,,,,,,,,,
2023-07-08,30s,Female,Postdoc,GA: Gamma-ray astronomy,Others,5 - 10 yeas,No,Prefer not to answer,Poor,Very Poor,Good,Very Poor,Poor,Agree,Agree,Agree,Agree,Junior High school,Europe,Europe,Cluster1,Cluster1,Cluster1,Cluster1,5,20%,,,,,,,,,0.0,0.0,,
2023-07-08,30s,Female,Postdoc,DM: Dark-matter physics,Theorist,5 - 10 yeas,Yes,No,Poor,Good,Good,Good,Good,Agree,Agree,Agree,Agree,Junior High school,Europe,Europe,Cluster1,Cluster2,Cluster1,Cluster2,1,40%,,,,,,,,,,,,
2023-07-08,30s,Male,Postdoc,CRI: Cosmic-ray physics (Indirect),Others,5 - 10 yeas,Prefer not to answer,Yes,Very Poor,Poor,Poor,Good,Very Poor,Agree,Agree,Agree,Agree,Elementary school,Europe,Europe,Cluster1,Cluster1,Cluster2,Cluster1,1,0%,,,0.0,0.0,,,,,0.5,0.5,,
2023-07-08,20s,Male,Doctrate,CRD: Cosmic-ray physics (Direct),Experimentalist,3 - 5 years,Yes,Yes,Poor,Poor,Poor,Poor,Poor,Agree,Agree,Agree,Agree,High school,Europe,Europe,Cluster1,Others,Cluster2,Others,0,30%,,,0.25,0.3333333333333333,0.5,1.0,,,0.025,0.325,0.5,0.6666666666666667
2023-07-08,20s,Female,Doctrate,MM&GW: Multimessenger & gravitational wave,Experimentalist,3 - 5 years,Yes,No,Very Poor,Very Poor,Very Poor,Poor,Very Poor,Agree,Agree,Agree,Agree,Elementary school,Asia,Asia,Cluster1,Cluster1,Cluster1,Cluster1,1,0%,,,,,,,,,,,,
2023-07-08,20s,Male,Postdoc,NU: Neutrino astronomy & physics,Theorist,3 - 5 years,Yes,No,Good,Good,Good,Good,Very Good,Agree,Agree,Agree,Agree,Junior High school,Europe,Europe,Cluster1,Cluster2,Cluster2,Cluster2,1,50%,,,,,,,,,,,,
2023-07-08,20s,Female,Master,GA: Gamma-ray astronomy,Experimentalist,3 - 5 years,Yes,No,Good,Poor,Good,Poor,Good,Agree,Agree,Agree,Agree,High school,Europe,Europe,Cluster1,Cluster2,Cluster1,Cluster2,1,50%,0.0,0.0,0.2407142857142857,0.4104761904761905,0.2166666666666666,0.4166666666666666,0.0,0.0,0.05,0.3,,
2023-07-08,20s,Female,Postdoc,CRI: Cosmic-ray physics (Indirect),Experimentalist,3 - 5 years,Yes,Yes,Good,Poor,Poor,Poor,Poor,Agree,No interest,Agree,Agree,Junior High school,Europe,Europe,Cluster1,Cluster1,Cluster1,Cluster1,1,20%,,,,,,,,,,,,
2023-07-08,30s,Male,Permanent staff,GA: Gamma-ray astronomy,Experimentalist,> 10 years,Yes,No,Very Good,Very Good,Very Good,Very Good,Poor,Agree,Agree,Agree,Agree,Elementary school,Europe,Europe,Cluster1,Cluster1,Cluster2,Cluster1,1,20%,,,,,,,,,,,,
2023-07-08,20s,Female,Fixed-term staff,MM&GW: Multimessenger & gravitational wave,Experimentalist,3 - 5 years,No,Yes,Good,Poor,Good,Poor,Poor,Agree,Agree,Agree,Agree,High school,Asia,Europe,Cluster1,Cluster1,Cluster1,Cluster1,4,20%,,,,,,,,,,,,
2023-07-08,30s,Male,Postdoc,NU: Neutrino astronomy & physics,Experimentalist,3 - 5 years,Yes,No,Very Good,Very Good,Very Good,Very Good,Good,Agree,Agree,Agree,Agree,Elementary school,Europe,Europe,Cluster1,Others,Cluster2,Cluster2,5,30%,,,,,,,,,,,,
2023-07-08,30s,Male,Fixed-term staff,GA: Gamma-ray astronomy,Experimentalist,5 - 10 yeas,Yes,No,Good,Poor,Good,Good,Good,Agree,Agree,Agree,Agree,High school,Asia,Asia,Cluster1,Cluster1,Cluster2,Others,3,20%,,,,,,,,,,,,
2023-07-08,20s,Female,Doctrate,NU: Neutrino astronomy & physics,Theorist,3 - 5 years,Yes,Yes,Good,Good,Good,Good,Poor,Agree,Agree,Agree,Agree,High school,America,Asia,Cluster1,Others,Cluster1,Others,2,30%,,,,,,,,,,,,
2023-07-08,20s,Female,Master,CRI: Cosmic-ray physics (Indirect),Theorist,1 - 3 years,Yes,No,Good,Good,Good,Poor,Very Good,Agree,Agree,Agree,Agree,Elementary school,America,America,Cluster1,Cluster2,Cluster1,Cluster2,2,(rare),,,,,,,,,,,,
2023-07-08,30s,Male,Postdoc,CRD: Cosmic-ray physics (Direct),Theorist,5 - 10 yeas,No,No,Poor,Good,Good,Poor,Poor,Agree,Agree,Agree,Agree,Junior High school,Europe,Europe,Cluster1,Others,Cluster2,Others,0,25%,,,,,,,,,0.0,0.0,,
2023-07-08,20s,Male,Doctrate,CRI: Cosmic-ray physics (Indirect),Experimentalist,1 - 3 years,No,Yes,Poor,Poor,Prefer not to answer,Very Poor,Very Poor,Agree,Agree,Prefer not to answer,No interest,Junior High school,Europe,Europe,Cluster1,Others,Cluster2,Others,4,30%,,,,,,,,,0.0625,0.3125,,
2023-07-09,20s,Male,Postdoc,CRD: Cosmic-ray physics (Direct),Theorist,5 - 10 yeas,No,No,Prefer not to answer,Prefer not to answer,Prefer not to answer,Prefer not to answer,Very Poor,Agree,Agree,Agree,Agree,Pre school,Europe,Europe,Cluster1,Cluster1,Cluster2,Cluster1,0,0%,,,,,,,,,,,-0.3055555555555555,0.4518518518518519
2023-07-09,20s,Male,Doctrate,NU: Neutrino astronomy & physics,Experimentalist,1 - 3 years,Yes,Yes,Good,Poor,Poor,Very Good,Good,Agree,Agree,Agree,Agree,High school,Europe,Europe,Cluster1,Cluster2,Cluster2,Cluster2,2,60%,,,,,,,,,,,,
2023-07-09,20s,Male,Undergraduate,CRD: Cosmic-ray physics (Direct),Experimentalist,1 - 3 years,Yes,No,Good,Very Good,Very Good,Very Good,Very Poor,Agree,Agree,Agree,Agree,Pre school,America,America,Cluster1,Cluster1,Cluster2,Cluster1,1,20%,,,,,,,,,,,,
2023-07-09,50s,Male,Permanent staff,SH: Solar & heliospheric physics,Others,> 10 years,Yes,No,No interest,No interest,No interest,No interest,Good,No interest,No interest,No interest,No interest,High school,Europe,Europe,Cluster2,Others,Others,Others,Prefer not to answer,25%,,,,,,,,,,,,
2023-07-09,50s,Male,Doctrate,CRD: Cosmic-ray physics (Direct),Experimentalist,> 10 years,Yes,No,Prefer not to answer,Prefer not to answer,Prefer not to answer,Prefer not to answer,Prefer not to answer,Agree,Agree,Agree,Agree,Elementary school,Europe,Europe,Cluster2,Cluster1,Others,Others,6,Prefer not to answer,0.0,0.0,0.0,0.0,0.0,0.0,0.0,0.0,0.0,0.0,0.0,0.0
2023-07-09,20s,Female,Master,CRI: Cosmic-ray physics (Indirect),Experimentalist,1 - 3 years,Yes,No,Good,Good,Good,Good,Poor,Agree,Agree,Agree,Agree,Elementary school,Asia,Asia,Cluster1,Cluster1,Cluster1,Cluster1,2,0%,0.1,0.4499999999999999,0.25,0.3333333333333333,,,0.0,0.0,0.0,1.0,,
2023-07-09,20s,Female,Fixed-term staff,NU: Neutrino astronomy & physics,Experimentalist,1 - 3 years,Prefer not to answer,No,Poor,Poor,Poor,Poor,Poor,Agree,Agree,Agree,Agree,High school,Asia,Asia,Cluster1,Cluster1,Cluster1,Cluster1,Prefer not to answer,10%,-0.04375,0.75,0.0,0.0,0.25,0.3333333333333333,,,,,,
2023-07-09,50s,Male,Permanent staff,CRI: Cosmic-ray physics (Indirect),Experimentalist,> 10 years,Yes,No,Prefer not to answer,Prefer not to answer,Prefer not to answer,Prefer not to answer,Poor,Prefer not to answer,Prefer not to answer,Prefer not to answer,Prefer not to answer,Junior High school,America,America,Cluster2,Cluster1,Others,Cluster1,3,20%,,,,,,,,,,,,
2023-07-09,20s,Male,Master,CRI: Cosmic-ray physics (Indirect),Experimentalist,3 - 5 years,No,No,No interest,No interest,No interest,Very Good,Good,Agree,Agree,Agree,Agree,Elementary school,America,America,Cluster1,Others,Cluster2,Others,0,25%,0.0,0.0,0.0,0.0,0.6,0.6,0.0,0.0,0.0,0.0,,
2023-07-09,30s,Male,Fixed-term staff,CRI: Cosmic-ray physics (Indirect),Others,5 - 10 yeas,Yes,No,Good,Poor,Good,Good,Poor,Agree,Agree,Agree,Agree,Elementary school,Europe,Europe,Cluster1,Cluster1,Cluster2,Cluster1,1,20%,,,,,,,,,,,,
2023-07-09,50s,Male,Permanent staff,GA: Gamma-ray astronomy,Experimentalist,> 10 years,Yes,No,Good,Good,Good,Good,Poor,Agree,Agree,Agree,Agree,Elementary school,America,America,Cluster2,Others,Others,Others,2,25%,0.0,0.0,-0.125,0.2833333333333333,0.0,0.0,0.0,0.0,-0.125,0.375,0.0,0.0
2023-07-09,30s,Male,Postdoc,NU: Neutrino astronomy & physics,Experimentalist,1 - 3 years,Yes,Yes,Good,Good,Good,Good,Good,Agree,Agree,No interest,Agree,Junior High school,America,America,Cluster1,Others,Cluster2,Cluster2,1,30%,,,,,,,,,,,,
2023-07-09,50s,Male,Permanent staff,NU: Neutrino astronomy & physics,Experimentalist,> 10 years,Yes,No,Good,Good,Good,Good,Poor,Agree,Agree,Agree,Agree,Elementary school,America,America,Cluster2,Cluster2,Others,Others,2,40%,,,,,,,,,,,,
2023-07-09,40s,Female,Permanent staff,NU: Neutrino astronomy & physics,Others,> 10 years,Yes,Yes,Poor,Poor,Poor,Poor,Poor,Agree,Agree,Agree,Agree,Junior High school,Europe,Europe,Cluster2,Others,Others,Others,1,25%,0.1,0.3,0.1488927738927739,0.3778554778554778,0.0594642857142857,0.494642857142857,0.0026515151515151,0.503030303030303,0.2799999999999999,0.4599999999999999,0.2166666666666666,0.5666666666666667
2023-07-09,50s,Male,Permanent staff,SH: Solar & heliospheric physics,Prefer not to answer,> 10 years,Yes,Yes,Good,Good,Prefer not to answer,Good,Good,Agree,Agree,Prefer not to answer,Agree,Elementary school,Asia,Asia,Cluster2,Cluster2,Others,Cluster2,1,40%,-0.1145833333333333,0.20625,-0.0833333333333333,0.0833333333333333,0.0,0.3571428571428571,0.2666666666666666,0.2666666666666666,0.0416666666666666,0.4166666666666666,,
2023-07-09,20s,Male,Doctrate,NU: Neutrino astronomy & physics,Experimentalist,3 - 5 years,Yes,No,Poor,Good,Poor,Poor,Very Poor,Agree,Agree,Agree,Agree,Elementary school,America,America,Cluster1,Cluster1,Cluster2,Cluster1,1,10%,,,,,0.4,1.0,0.0833333333333333,0.5833333333333333,0.0,0.0,,
2023-07-09,20s,Male,Undergraduate,NU: Neutrino astronomy & physics,Theorist,1 - 3 years,Yes,Yes,Good,Good,Good,Good,Very Good,Agree,Agree,Agree,Agree,High school,America,America,Cluster1,Cluster2,Cluster2,Cluster2,1,(rare),,,,,,,,,,,,
2023-07-09,20s,Male,Doctrate,GA: Gamma-ray astronomy,Theorist,3 - 5 years,Yes,No,Good,Good,Good,Poor,Good,No interest,Agree,Agree,Agree,Elementary school,Asia,Asia,Cluster1,Others,Cluster2,Cluster2,2,30%,,,,,,,,,,,,
2023-07-09,20s,Male,Doctrate,GA: Gamma-ray astronomy,Experimentalist,1 - 3 years,Yes,No,Very Good,Very Good,Very Good,Very Good,Good,Agree,Agree,Agree,Agree,High school,Europe,Europe,Cluster1,Cluster2,Cluster2,Cluster2,1,(rare),0.7,0.6000000000000001,,,0.35,0.15,,,,,,
2023-07-09,20s,Male,Doctrate,GA: Gamma-ray astronomy,Experimentalist,3 - 5 years,Yes,No,Very Poor,Poor,Good,Poor,Very Poor,Disagree,Agree,Agree,Agree,Elementary school,Asia,Asia,Cluster1,Cluster1,Cluster2,Cluster1,1,10%,,,,,,,,,,,,
2023-07-09,30s,Male,Fixed-term staff,GA: Gamma-ray astronomy,Experimentalist,> 10 years,No,No,Good,Good,Good,Poor,Very Poor,Prefer not to answer,Disagree,Agree,Agree,Elementary school,Asia,Asia,Cluster1,Cluster1,Cluster2,Cluster1,2,10%,,,,,,,,,,,,
2023-07-09,30s,Male,Doctrate,NU: Neutrino astronomy & physics,Experimentalist,1 - 3 years,Yes,No,Good,Good,Good,Poor,Poor,Agree,Agree,Agree,Agree,High school,Europe,Europe,Cluster1,Others,Cluster2,Others,3,35%,,,,,,,,,,,,
2023-07-09,20s,Male,Postdoc,CRD: Cosmic-ray physics (Direct),Theorist,3 - 5 years,Yes,No,Good,Good,Good,Good,Very Good,Agree,Agree,Agree,Agree,Junior High school,America,Europe,Cluster1,Cluster2,Cluster2,Cluster2,1,50%,,,,,,,,,,,,
2023-07-09,30s,Female,Postdoc,NU: Neutrino astronomy & physics,Others,3 - 5 years,Prefer not to answer,No,Good,Good,Good,Good,Good,Agree,Agree,Agree,Agree,High school,Europe,Europe,Cluster1,Cluster2,Cluster1,Cluster2,2,40%,,,,,,,,,,,,
2023-07-09,20s,Male,Doctrate,CRI: Cosmic-ray physics (Indirect),Experimentalist,1 - 3 years,Yes,No,Prefer not to answer,Prefer not to answer,Prefer not to answer,Prefer not to answer,Poor,Agree,Agree,Agree,Agree,Pre school,Europe,Europe,Cluster1,Cluster1,Cluster2,Cluster1,2,15%,,,,,0.401060606060606,0.7166666666666667,,,-0.0120833333333333,0.44125,-0.0352083333333333,0.3202083333333333
2023-07-09,20s,Male,Doctrate,GA: Gamma-ray astronomy,Theorist,1 - 3 years,Yes,No,Good,Good,Poor,Poor,Very Good,Agree,Agree,Agree,Agree,Elementary school,Europe,America,Cluster1,Cluster2,Cluster2,Cluster2,1,50%,,,,,,,,,,,,
2023-07-09,20s,Male,Doctrate,NU: Neutrino astronomy & physics,Experimentalist,3 - 5 years,Yes,No,No interest,No interest,No interest,No interest,Poor,Agree,Agree,Agree,Agree,Elementary school,Asia,Asia,Cluster1,Cluster1,Cluster2,Cluster1,0,20%,,,,,,,,,,,,
2023-07-09,20s,Male,Postdoc,DM: Dark-matter physics,Theorist,5 - 10 yeas,Yes,No,Prefer not to answer,Prefer not to answer,Prefer not to answer,Prefer not to answer,Good,Prefer not to answer,Prefer not to answer,Prefer not to answer,Prefer not to answer,High school,Europe,Europe,Cluster1,Cluster2,Cluster2,Cluster2,4,40%,,,,,,,,,,,,
2023-07-09,40s,Male,Permanent staff,MM&GW: Multimessenger & gravitational wave,Experimentalist,> 10 years,Yes,Yes,Poor,Good,Good,Good,Good,Agree,Prefer not to answer,Agree,Agree,High school,Asia,Asia,Cluster2,Others,Others,Cluster2,3,30%,,,,,0.3999999999999999,0.7000000000000001,,,,,,
2023-07-09,20s,Female,Postdoc,DM: Dark-matter physics,Prefer not to answer,3 - 5 years,Yes,No,Very Good,Very Good,Very Good,Very Good,Good,Agree,Agree,Agree,Agree,High school,Europe,Europe,Cluster1,Others,Cluster1,Others,1,25%,0.0333333333333333,0.175,,,,,,,,,,
2023-07-09,20s,Male,Master,CRI: Cosmic-ray physics (Indirect),Theorist,1 - 3 years,Yes,Yes,Good,Good,Good,Good,Good,Agree,Agree,Agree,Agree,High school,Europe,Asia,Cluster1,Others,Cluster2,Cluster2,3,30%,,,,,,,,,,,,
2023-07-09,40s,Male,Permanent staff,CRI: Cosmic-ray physics (Indirect),Experimentalist,> 10 years,Yes,No,Good,Good,Good,Good,Good,Agree,Agree,Agree,Agree,High school,Asia,Asia,Cluster2,Others,Others,Others,4,25%,,,,,,,,,,,,
2023-07-09,30s,Male,Fixed-term staff,GA: Gamma-ray astronomy,Others,> 10 years,Prefer not to answer,Prefer not to answer,Good,Good,Good,Good,Poor,Agree,Agree,Agree,Agree,Elementary school,Europe,Europe,Cluster1,Cluster1,Cluster2,Cluster1,1,20%,,,,,,,0.0,1.0,,,,
2023-07-09,30s,Female,Doctrate,CRI: Cosmic-ray physics (Indirect),Experimentalist,3 - 5 years,Yes,No,Very Good,Very Good,Very Good,Very Good,Good,Agree,Agree,Agree,Agree,High school,Europe,Europe,Cluster1,Cluster2,Cluster1,Cluster2,3,60%,,,,,,,,,,,,
2023-07-09,50s,Male,Permanent staff,CRI: Cosmic-ray physics (Indirect),Experimentalist,> 10 years,Yes,Yes,Poor,Poor,Poor,Poor,Very Poor,Agree,Agree,Agree,Agree,Elementary school,Europe,Europe,Cluster2,Cluster1,Others,Cluster1,2,15%,,,,,,,,,,,,
2023-07-09,30s,Male,Postdoc,GA: Gamma-ray astronomy,Experimentalist,5 - 10 yeas,Yes,No,Good,Poor,Good,Good,Poor,Agree,Agree,Agree,Agree,Elementary school,Europe,Europe,Cluster1,Others,Cluster2,Others,1,30%,,,,,,,,,0.1666666666666666,0.3333333333333333,,
2023-07-10,20s,Male,Doctrate,GA: Gamma-ray astronomy,Experimentalist,< 1 year,Yes,No,Good,Good,Good,Good,Good,Agree,Agree,Agree,Agree,Elementary school,America,Asia,Cluster1,Cluster2,Cluster2,Cluster2,4,50%,,,,,,,,,,,,
2023-07-10,30s,Male,Postdoc,NU: Neutrino astronomy & physics,Experimentalist,3 - 5 years,Yes,Yes,No interest,No interest,No interest,No interest,Poor,Agree,Agree,Agree,Agree,Junior High school,Europe,Europe,Cluster1,Others,Cluster2,Others,1,35%,-0.0180555555555555,0.3361111111111111,,,,,,,0.0,0.0,,
2023-07-10,30s,Female,Permanent staff,NU: Neutrino astronomy & physics,Experimentalist,> 10 years,Yes,No,Good,Good,Very Good,Good,Good,Agree,Agree,Agree,Agree,Junior High school,Asia,Asia,Cluster1,Cluster1,Cluster1,Others,0,20%,,,,,0.0,0.0,-0.4,0.6,-0.4,0.6,-0.3,0.65
2023-07-10,50s,Male,Fixed-term staff,CRI: Cosmic-ray physics (Indirect),Experimentalist,> 10 years,Yes,No,Good,Good,Good,Good,Prefer not to answer,No interest,Agree,Agree,Agree,High school,America,America,Cluster2,Cluster1,Others,Others,3,20%,,,,,,,,,,,,
2023-07-10,30s,Female,Postdoc,DM: Dark-matter physics,Theorist,3 - 5 years,Yes,Yes,Very Poor,Poor,Good,Very Good,Poor,Agree,Agree,Agree,Agree,Elementary school,Europe,Asia,Cluster1,Others,Cluster1,Others,2,30%,0.0,0.3,,,,,-0.1769230769230768,0.6717948717948717,0.2666666666666666,0.6333333333333333,,
2023-07-10,20s,Female,Doctrate,MM&GW: Multimessenger & gravitational wave,Experimentalist,1 - 3 years,Yes,Yes,Very Good,Very Good,Good,Good,Very Good,Agree,Agree,Agree,Agree,Junior High school,Europe,Europe,Cluster1,Cluster2,Cluster1,Cluster2,1,60%,,,,,,,-0.05,0.2833333333333333,0.08,0.3847619047619047,,
2023-07-10,20s,Male,Doctrate,GA: Gamma-ray astronomy,Experimentalist,3 - 5 years,Yes,Yes,Poor,Very Poor,Very Poor,Very Poor,Very Poor,Agree,Agree,Agree,Agree,University,Europe,America,Cluster1,Cluster1,Cluster2,Cluster1,1,20%,,,,,,,,,,,,
2023-07-10,30s,Male,Doctrate,MM&GW: Multimessenger & gravitational wave,Theorist,1 - 3 years,No,Yes,Very Good,Good,Good,Good,Very Good,Agree,Agree,Agree,Agree,Elementary school,Europe,Europe,Cluster1,Cluster2,Cluster2,Cluster2,2,50%,,,,,,,,,0.1194444444444444,0.5361111111111111,,
2023-07-10,50s,Male,Permanent staff,NU: Neutrino astronomy & physics,Experimentalist,> 10 years,Yes,Yes,Very Poor,Good,Good,Good,Very Poor,Agree,Agree,Agree,Agree,Elementary school,Asia,Asia,Cluster2,Cluster1,Others,Cluster1,3,15%,0.0,0.0,-0.125,0.2833333333333333,,,0.0,0.0,0.0166666666666666,0.0833333333333333,,
2023-07-10,40s,Male,Permanent staff,CRD: Cosmic-ray physics (Direct),Theorist,> 10 years,Yes,No,Very Poor,Very Poor,Good,Poor,Very Poor,Agree,Agree,Agree,Agree,Pre school,Asia,Asia,Cluster2,Cluster1,Others,Cluster1,5,10%,,,,,,,,,,,,
2023-07-10,20s,Male,Doctrate,GA: Gamma-ray astronomy,Experimentalist,1 - 3 years,Yes,Prefer not to answer,Good,Good,Good,Good,Poor,Agree,Agree,Agree,Agree,High school,Europe,Europe,Cluster1,Cluster1,Cluster2,Cluster1,4,20%,,,,,,,,,,,,
2023-07-10,30s,Male,Postdoc,GA: Gamma-ray astronomy,Experimentalist,3 - 5 years,Yes,No,Poor,Good,Good,Good,Poor,Agree,Agree,Agree,Agree,Junior High school,Asia,Asia,Cluster1,Cluster1,Cluster2,Cluster1,1,10%,,,,,,,,,,,,
2023-07-10,20s,Male,Doctrate,NU: Neutrino astronomy & physics,Experimentalist,3 - 5 years,Prefer not to answer,Prefer not to answer,Prefer not to answer,Prefer not to answer,Prefer not to answer,Prefer not to answer,Poor,Prefer not to answer,Prefer not to answer,Prefer not to answer,Prefer not to answer,High school,Asia,Asia,Cluster1,Cluster1,Cluster2,Cluster1,2,10%,,,,,0.0,0.0,,,,,,
2023-07-10,30s,Male,Postdoc,CRI: Cosmic-ray physics (Indirect),Theorist,3 - 5 years,Yes,No,No interest,No interest,No interest,No interest,No interest,No interest,No interest,No interest,No interest,University,Asia,Europe,Cluster1,Cluster1,Cluster2,Others,5,0%,,,,,,,,,,,,
2023-07-10,60s,Male,Permanent staff,GA: Gamma-ray astronomy,Experimentalist,> 10 years,Yes,No,Good,No interest,Good,Good,Good,Agree,Agree,Agree,Agree,Elementary school,Asia,Asia,Cluster2,Cluster2,Others,Cluster2,0,50%,,,,,,,,,,,,
2023-07-10,20s,Male,Doctrate,MM&GW: Multimessenger & gravitational wave,Theorist,1 - 3 years,Yes,No,Good,Good,Good,Good,Prefer not to answer,Agree,Agree,Agree,Agree,High school,Asia,Asia,Cluster1,Others,Cluster2,Others,Prefer not to answer,30%,,,,,,,,,,,,
2023-07-10,30s,Male,Doctrate,CRI: Cosmic-ray physics (Indirect),Theorist,1 - 3 years,Yes,Yes,Very Good,Very Good,Good,Good,Good,Agree,Agree,Agree,Agree,High school,Asia,Asia,Cluster1,Cluster1,Cluster2,Others,Prefer not to answer,20%,,,,,,,,,,,,
2023-07-10,20s,Male,Doctrate,CRI: Cosmic-ray physics (Indirect),Theorist,1 - 3 years,Yes,Yes,Good,Very Good,Very Good,Very Good,Poor,Agree,Agree,Agree,Agree,Elementary school,Europe,Europe,Cluster1,Cluster1,Cluster2,Cluster1,2,20%,,,,,-0.375,0.5,,,0.05,0.3,,
2023-07-10,20s,Male,Doctrate,GA: Gamma-ray astronomy,Experimentalist,5 - 10 yeas,Yes,No,Poor,Good,Good,Poor,Very Poor,Agree,Agree,Agree,Agree,Junior High school,Asia,Asia,Cluster1,Cluster1,Cluster2,Cluster1,1,0%,,,,,,,,,,,,
2023-07-10,20s,Female,Postdoc,GA: Gamma-ray astronomy,Experimentalist,3 - 5 years,Yes,Yes,Poor,Very Good,Good,Very Good,Poor,Prefer not to answer,Prefer not to answer,Prefer not to answer,Prefer not to answer,High school,Europe,Europe,Cluster1,Others,Cluster1,Others,1,25%,-0.1,0.4,,,0.0145833333333333,0.5895833333333333,,,,,,
2023-07-10,30s,Male,Permanent staff,GA: Gamma-ray astronomy,Experimentalist,5 - 10 yeas,Yes,No,Good,Good,Good,Good,Good,Agree,Agree,Agree,Agree,High school,Europe,Europe,Cluster1,Cluster2,Cluster2,Cluster2,2,40%,,,,,,,,,,,,
2023-07-10,30s,Male,Postdoc,SH: Solar & heliospheric physics,Experimentalist,5 - 10 yeas,No,No,Poor,Poor,Very Poor,Poor,Prefer not to answer,Agree,Agree,Agree,Agree,Elementary school,Asia,Asia,Cluster1,Cluster1,Cluster2,Others,3,Prefer not to answer,,,,,,,,,,,,
2023-07-10,20s,Female,Doctrate,NU: Neutrino astronomy & physics,Experimentalist,1 - 3 years,Yes,No,Prefer not to answer,Prefer not to answer,Prefer not to answer,Prefer not to answer,No interest,No interest,No interest,No interest,No interest,Junior High school,Europe,Europe,Cluster1,Cluster1,Cluster1,Others,1,15%,0.0,0.0,0.0,0.0,,,0.0,0.0,,,,
2023-07-10,30s,Female,Postdoc,MM&GW: Multimessenger & gravitational wave,Experimentalist,5 - 10 yeas,Prefer not to answer,No,Very Poor,Very Poor,Poor,Very Poor,Very Poor,Agree,Agree,Agree,Agree,Junior High school,Europe,Europe,Cluster1,Cluster1,Cluster1,Cluster1,2,15%,,,,,,,,,,,,
2023-07-10,30s,Male,Permanent staff,NU: Neutrino astronomy & physics,Experimentalist,5 - 10 yeas,No,No,Good,Good,Good,Very Good,Good,Disagree,Disagree,Disagree,Disagree,Elementary school,Europe,Europe,Cluster1,Others,Cluster2,Cluster2,(rare),30%,,,,,,,0.0,0.4,,,,
2023-07-10,20s,Male,Doctrate,CRI: Cosmic-ray physics (Indirect),Experimentalist,3 - 5 years,Yes,Yes,Good,Good,Good,Good,Good,Agree,Agree,Agree,Agree,High school,Europe,Europe,Cluster1,Others,Cluster2,Cluster2,3,30%,,,,,,,,,,,,
2023-07-10,30s,Female,Postdoc,GA: Gamma-ray astronomy,Experimentalist,3 - 5 years,Yes,No,Good,Poor,Poor,Good,Good,Agree,Agree,Agree,Agree,Junior High school,Europe,Europe,Cluster1,Cluster2,Cluster1,Cluster2,5,40%,0.0,0.0,0.0,0.0,,,0.0,0.0,,,,
2023-07-10,50s,Male,Permanent staff,CRI: Cosmic-ray physics (Indirect),Experimentalist,> 10 years,Yes,No,Good,Good,Good,Good,Poor,Agree,Agree,Agree,Agree,High school,Europe,Europe,Cluster2,Others,Others,Others,0,25%,,,,,,,,,,,,
2023-07-10,20s,Female,Doctrate,GA: Gamma-ray astronomy,Theorist,< 1 year,Yes,No,Poor,Very Poor,Poor,Poor,Poor,Agree,Agree,Agree,Agree,Elementary school,Europe,Europe,Cluster1,Others,Cluster1,Others,2,25%,,,,,,,,,,,,
2023-07-10,20s,Male,Doctrate,CRI: Cosmic-ray physics (Indirect),Experimentalist,3 - 5 years,Yes,No,Good,Poor,Poor,Poor,Poor,Prefer not to answer,Prefer not to answer,Prefer not to answer,Prefer not to answer,High school,Europe,Europe,Cluster1,Cluster1,Cluster2,Cluster1,1,20%,,,,,0.0,0.0,,,,,,
2023-07-10,20s,Male,Doctrate,GA: Gamma-ray astronomy,Theorist,1 - 3 years,Yes,No,Good,Good,Good,Good,Poor,Agree,Agree,Agree,Agree,Elementary school,Europe,Europe,Cluster1,Cluster1,Cluster2,Cluster1,1,0%,0.0,0.05,,,,,-0.1458333333333333,0.2708333333333333,0.0,0.0,,
2023-07-10,40s,Male,Postdoc,NU: Neutrino astronomy & physics,Experimentalist,> 10 years,No,No,Good,Good,Good,Good,Poor,Agree,Agree,Agree,Agree,Pre school,Europe,Europe,Cluster2,Cluster1,Others,Cluster1,1,20%,,,,,,,,,,,,
2023-07-10,20s,Male,Postdoc,CRI: Cosmic-ray physics (Indirect),Experimentalist,5 - 10 yeas,Yes,Yes,Good,Good,Good,Very Poor,Good,Agree,Agree,Agree,Agree,High school,Europe,Europe,Cluster1,Cluster2,Cluster2,Cluster2,2,(rare),,,,,,,,,,,,
2023-07-10,40s,Male,Master,NU: Neutrino astronomy & physics,Experimentalist,3 - 5 years,Prefer not to answer,No,Poor,Good,Good,Good,Good,Prefer not to answer,Prefer not to answer,Prefer not to answer,Prefer not to answer,Elementary school,Europe,Europe,Cluster2,Cluster1,Others,Others,0,0%,,,,,0.1833333333333333,0.3083333333333333,,,,,,
2023-07-10,30s,Male,Fixed-term staff,DM: Dark-matter physics,Experimentalist,5 - 10 yeas,Yes,No,Good,Good,Very Good,Very Good,Poor,Agree,Agree,Agree,Agree,Elementary school,Europe,Europe,Cluster1,Others,Cluster2,Cluster1,5,20%,,,,,,,,,,,,
2023-07-10,30s,Male,Fixed-term staff,CRD: Cosmic-ray physics (Direct),Experimentalist,5 - 10 yeas,Yes,Prefer not to answer,Very Good,Very Good,Very Good,Very Good,Good,Prefer not to answer,Prefer not to answer,Agree,Agree,Pre school,Europe,Europe,Cluster1,Cluster1,Cluster2,Others,Prefer not to answer,0%,,,,,,,,,,,,
2023-07-10,30s,Male,Doctrate,GA: Gamma-ray astronomy,Experimentalist,5 - 10 yeas,Yes,No,Poor,Good,Good,Good,Poor,Agree,Agree,Agree,Agree,Junior High school,Europe,Asia,Cluster1,Others,Cluster2,Others,Prefer not to answer,30%,0.1787878787878788,0.4333333333333333,,,,,,,,,0.2125,0.4753205128205128
2023-07-10,20s,Female,Doctrate,NU: Neutrino astronomy & physics,Experimentalist,1 - 3 years,Yes,Yes,Good,Good,Poor,Poor,Poor,Agree,Agree,Agree,Agree,Elementary school,Europe,Europe,Cluster1,Cluster1,Cluster1,Cluster1,2,20%,,,,,,,,,,,,
2023-07-10,20s,Male,Doctrate,MM&GW: Multimessenger & gravitational wave,Experimentalist,1 - 3 years,Yes,Yes,Good,Poor,Good,Good,Poor,Agree,Agree,Agree,Agree,Elementary school,Europe,Europe,Cluster1,Others,Cluster2,Others,2,30%,,,,,0.05,0.5,0.0,0.0,0.05,0.15,,
2023-07-10,20s,Male,Doctrate,NU: Neutrino astronomy & physics,Experimentalist,3 - 5 years,Yes,No,Poor,Good,Good,Poor,Poor,Agree,Agree,Agree,Agree,High school,Europe,Europe,Cluster1,Others,Cluster2,Others,Prefer not to answer,30%,,,,,,,,,,,,
2023-07-10,20s,Female,Doctrate,GA: Gamma-ray astronomy,Experimentalist,1 - 3 years,Prefer not to answer,No,Good,Good,Good,Good,Poor,Agree,Agree,Agree,Agree,High school,Europe,Europe,Cluster1,Others,Cluster1,Others,2,30%,,,,,0.1051948051948052,0.4577922077922078,,,0.1047619047619047,0.438095238095238,,
2023-07-10,20s,Male,Postdoc,CRI: Cosmic-ray physics (Indirect),Experimentalist,5 - 10 yeas,No,No,Prefer not to answer,Prefer not to answer,Prefer not to answer,Prefer not to answer,No interest,No interest,No interest,Agree,Agree,Elementary school,Europe,Europe,Cluster1,Cluster2,Cluster2,Others,2,50%,,,,,,,,,,,,
2023-07-10,40s,Female,Permanent staff,CRI: Cosmic-ray physics (Indirect),Experimentalist,> 10 years,Yes,No,Good,Poor,Good,Very Poor,Good,Agree,Agree,Agree,Prefer not to answer,Junior High school,Europe,Europe,Cluster2,Others,Others,Others,4,25%,,,,,,,0.0,0.0,,,,
2023-07-10,40s,Male,Permanent staff,CRI: Cosmic-ray physics (Indirect),Theorist,> 10 years,Yes,Prefer not to answer,Good,Good,Good,Good,Good,Agree,Agree,Agree,Agree,Elementary school,Europe,Europe,Cluster2,Cluster2,Others,Cluster2,3,40%,0.0,0.125,0.0,0.2625,0.1839743589743589,0.4506410256410256,-0.0302380952380952,0.3820238095238095,0.0051948051948051,0.4006493506493506,,
2023-07-10,20s,Male,Master,NU: Neutrino astronomy & physics,Experimentalist,3 - 5 years,Yes,No,Good,Very Good,Very Good,Good,Good,Agree,Agree,Agree,Agree,Elementary school,Europe,Europe,Cluster1,Cluster2,Cluster2,Cluster2,0,40%,0.0,0.1666666666666666,,,0.3787878787878787,0.6666666666666666,-0.2,0.3,,,,
2023-07-10,30s,Female,Doctrate,CRD: Cosmic-ray physics (Direct),Experimentalist,1 - 3 years,No,No,Very Poor,Very Poor,Poor,Poor,Poor,Prefer not to answer,Agree,Agree,Agree,High school,Europe,Europe,Cluster1,Cluster1,Cluster1,Cluster1,2,Prefer not to answer,,,-0.1166666666666666,0.5666666666666667,,,,,0.072,0.5660000000000001,,
2023-07-10,50s,Male,Permanent staff,CRD: Cosmic-ray physics (Direct),Experimentalist,> 10 years,Yes,No,Poor,Very Poor,Very Poor,Very Poor,Very Poor,Agree,No interest,No interest,No interest,High school,Europe,Europe,Cluster2,Cluster1,Others,Cluster1,1,10%,,,,,,,,,,,,
2023-07-10,40s,Male,Permanent staff,GA: Gamma-ray astronomy,Theorist,> 10 years,Yes,No,Good,Good,Good,Good,Poor,Agree,Agree,Agree,Agree,Junior High school,America,America,Cluster2,Cluster1,Others,Cluster1,5,20%,,,,,,,,,,,,
2023-07-10,20s,Female,Doctrate,CRD: Cosmic-ray physics (Direct),Experimentalist,3 - 5 years,Prefer not to answer,No,Very Poor,Poor,Good,Poor,Poor,Agree,Agree,Agree,Agree,Junior High school,Europe,Asia,Cluster1,Cluster1,Cluster1,Cluster1,3,20%,,,,,,,,,0.0,0.0,,
2023-07-10,30s,Male,Postdoc,MM&GW: Multimessenger & gravitational wave,Prefer not to answer,3 - 5 years,No,No,Good,Good,Prefer not to answer,Prefer not to answer,Poor,Agree,Agree,Agree,Agree,Junior High school,Europe,Europe,Cluster1,Others,Cluster2,Others,1,30%,,,,,-0.010081585081585,0.5139277389277389,,,,,,
2023-07-10,30s,Female,Fixed-term staff,GA: Gamma-ray astronomy,Experimentalist,5 - 10 yeas,Yes,Yes,Good,Poor,Good,Good,Good,Prefer not to answer,Agree,Agree,Agree,Elementary school,Europe,Europe,Cluster1,Others,Cluster1,Cluster2,1,25%,,,,,,,,,,,,
2023-07-10,30s,Female,Postdoc,Prefer not to answer,Others,Prefer not to answer,No,No,Very Poor,Poor,Poor,Poor,Very Poor,Prefer not to answer,Prefer not to answer,Prefer not to answer,Prefer not to answer,Junior High school,Europe,America,Cluster1,Others,Cluster1,Others,Prefer not to answer,30%,,,0.5,0.5,0.15,0.575,0.0,0.4,-0.0089285714285714,0.4339285714285714,0.215,0.615
2023-07-10,20s,Male,Postdoc,GA: Gamma-ray astronomy,Experimentalist,3 - 5 years,Yes,No,Good,Very Good,Good,Good,Poor,Agree,Agree,Agree,Agree,Junior High school,Europe,Europe,Cluster1,Others,Cluster2,Others,0,30%,,,,,,,,,,,,
2023-07-10,20s,Female,Doctrate,CRI: Cosmic-ray physics (Indirect),Experimentalist,3 - 5 years,No,No,Poor,Poor,Poor,Poor,Poor,No interest,No interest,Agree,Agree,High school,Europe,Europe,Cluster1,Cluster1,Cluster1,Cluster1,2,0%,,,,,0.45,0.75,0.3,0.75,,,,
2023-07-10,20s,Male,Master,NU: Neutrino astronomy & physics,Experimentalist,3 - 5 years,Yes,No,Good,Good,Poor,Very Good,Good,Agree,Agree,Disagree,Agree,University,Europe,Europe,Cluster1,Others,Cluster2,Cluster2,1,30%,0.0,0.0,,,,,0.1770833333333333,0.4520833333333333,,,,
2023-07-10,20s,Female,Doctrate,NU: Neutrino astronomy & physics,Experimentalist,3 - 5 years,Prefer not to answer,Yes,Poor,Very Poor,Poor,Good,Poor,No interest,Agree,Agree,Agree,High school,Europe,Europe,Cluster1,Cluster1,Cluster1,Cluster1,1,20%,,,,,,,,,,,,
2023-07-10,50s,Male,Permanent staff,CRI: Cosmic-ray physics (Indirect),Experimentalist,> 10 years,Yes,No,Good,Very Good,Good,Good,Very Good,Disagree,Agree,Agree,Agree,Junior High school,Europe,Europe,Cluster2,Cluster2,Others,Cluster2,2,40%,,,,,,,,,,,,
2023-07-10,30s,Female,Fixed-term staff,CRD: Cosmic-ray physics (Direct),Experimentalist,3 - 5 years,Yes,No,Very Poor,Poor,Very Good,Good,Poor,Agree,Agree,Agree,Agree,Junior High school,Europe,Europe,Cluster1,Cluster1,Cluster1,Cluster1,2,20%,,,,,,,,,,,,
2023-07-10,40s,Male,Postdoc,CRI: Cosmic-ray physics (Indirect),Experimentalist,1 - 3 years,Yes,No,Poor,Good,Good,No interest,Very Poor,Agree,Agree,Agree,Agree,University,Asia,Asia,Cluster2,Cluster1,Others,Cluster1,10+,15%,,,,,0.0,0.0,0.0,0.0,0.0,0.0,0.91,0.7800000000000001
2023-07-10,30s,Female,Postdoc,GA: Gamma-ray astronomy,Experimentalist,1 - 3 years,Yes,Yes,Good,Very Good,Good,Very Good,Good,Agree,Agree,Agree,Agree,Elementary school,America,America,Cluster1,Cluster2,Cluster1,Cluster2,2,50%,,,,,0.36,0.7,0.25,0.25,0.1,0.2,0.26,0.26
2023-07-10,20s,Female,Postdoc,CRI: Cosmic-ray physics (Indirect),Theorist,5 - 10 yeas,Yes,Yes,Good,Poor,Poor,Poor,Good,Agree,Agree,Agree,Agree,High school,America,America,Cluster1,Cluster2,Cluster1,Cluster2,2,40%,,,,,,,,,,,,
2023-07-10,30s,Female,Permanent staff,GA: Gamma-ray astronomy,Experimentalist,5 - 10 yeas,Yes,No,Very Poor,Poor,Very Poor,Very Poor,Very Poor,Agree,Agree,Agree,Agree,High school,America,America,Cluster1,Cluster1,Cluster1,Cluster1,2,15%,,,,,,,0.0,0.4,0.0,0.5,,
2023-07-10,20s,Male,Master,CRI: Cosmic-ray physics (Indirect),Experimentalist,1 - 3 years,Yes,No,Good,Good,Very Good,Very Good,No interest,No interest,No interest,Agree,Agree,High school,Europe,Europe,Cluster1,Cluster1,Cluster2,Others,3,20%,0.105,0.7116666666666666,,,0.0666666666666666,0.1666666666666666,0.0,0.0,0.1333333333333333,0.3,,
2023-07-11,30s,Female,Permanent staff,O&E: Outreach & education,Experimentalist,> 10 years,Yes,No,Good,Poor,Good,Poor,Good,Agree,Agree,Agree,Agree,Elementary school,Asia,Asia,Cluster1,Others,Cluster1,Others,1,25%,,,,,,,,,0.3249999999999999,0.3,0.2215909090909091,0.5909090909090909
2023-07-11,30s,Male,Postdoc,CRI: Cosmic-ray physics (Indirect),Experimentalist,> 10 years,Yes,No,Poor,Good,Good,Very Good,Poor,Agree,Agree,Agree,Agree,Elementary school,America,America,Cluster1,Others,Cluster2,Others,5,30%,0.0,0.0,0.0,0.0,0.4144444444444444,0.5577777777777777,0.11,0.59,0.03,0.6399999999999999,0.25,0.2
2023-07-11,30s,Female,Permanent staff,GA: Gamma-ray astronomy,Others,> 10 years,Prefer not to answer,No,No interest,No interest,No interest,No interest,Poor,Agree,Agree,Agree,Agree,University,Europe,Europe,Cluster1,Cluster1,Cluster1,Cluster1,2,20%,0.0,0.0,0.1904761904761904,0.3809523809523809,,,0.0249999999999999,0.3562499999999999,,,,
2023-07-11,20s,Male,Postdoc,CRI: Cosmic-ray physics (Indirect),Others,5 - 10 yeas,Yes,No,Good,Good,Good,Good,Poor,Agree,Agree,Agree,Agree,Elementary school,America,America,Cluster1,Cluster1,Cluster2,Cluster1,1,15%,,,,,,,,,,,,
2023-07-11,20s,Male,Doctrate,NU: Neutrino astronomy & physics,Experimentalist,1 - 3 years,Yes,No,Good,Good,Good,Good,Good,Agree,Agree,Agree,Agree,Elementary school,America,America,Cluster1,Cluster2,Cluster2,Cluster2,1,50%,,,,,,,,,,,,
2023-07-11,50s,Male,Permanent staff,NU: Neutrino astronomy & physics,Experimentalist,> 10 years,Yes,No,Good,Good,Good,Good,Good,Agree,Agree,Agree,Agree,High school,Europe,Europe,Cluster2,Others,Others,Cluster2,4,30%,,,,,,,,,,,,
2023-07-11,20s,Male,Doctrate,CRI: Cosmic-ray physics (Indirect),Experimentalist,1 - 3 years,Yes,No,Good,Very Good,Very Good,Very Good,Good,Agree,Agree,Agree,Agree,Junior High school,America,America,Cluster1,Others,Cluster2,Cluster2,1,35%,,,,,,,,,,,,
2023-07-11,20s,Male,Doctrate,CRI: Cosmic-ray physics (Indirect),Experimentalist,1 - 3 years,Yes,No,Good,Good,Good,Good,Good,Agree,No interest,Agree,No interest,Elementary school,America,Europe,Cluster1,Others,Cluster2,Others,Prefer not to answer,25%,,,,,,,,,,,,
2023-07-11,20s,Female,Doctrate,MM&GW: Multimessenger & gravitational wave,Theorist,3 - 5 years,No,Yes,Good,Good,Poor,Good,Very Good,Agree,Agree,Agree,Agree,Junior High school,Europe,Prefer not to answer,Cluster1,Others,Cluster1,Cluster2,3,30%,,,,,,,,,,,,
2023-07-11,40s,Male,Permanent staff,CRI: Cosmic-ray physics (Indirect),Experimentalist,> 10 years,Yes,No,Very Poor,Very Poor,Good,Poor,Very Poor,Agree,Agree,Agree,Agree,Elementary school,Asia,Asia,Cluster2,Cluster1,Others,Cluster1,2,10%,0.0,0.0,0.0,0.0,0.32,0.425,-0.0111111111111111,0.6333333333333333,0.0402777777777777,0.3444444444444445,0.0,0.0
2023-07-11,30s,Male,Postdoc,CRI: Cosmic-ray physics (Indirect),Experimentalist,> 10 years,No,No,Good,Poor,Good,Good,Very Good,Agree,Agree,Agree,Agree,High school,Europe,America,Cluster1,Cluster2,Cluster2,Cluster2,1,(rare),,,,,,,,,,,,
2023-07-11,40s,Female,Permanent staff,O&E: Outreach & education,Prefer not to answer,Prefer not to answer,Yes,No,Good,Good,Good,Good,Very Good,Agree,Agree,Agree,Agree,High school,Europe,Europe,Cluster2,Cluster2,Others,Cluster2,5,(rare),0.0,0.0,0.0,0.0,,,,,,,,
2023-07-11,20s,Male,Master,DM: Dark-matter physics,Experimentalist,3 - 5 years,Yes,Prefer not to answer,Prefer not to answer,Prefer not to answer,Prefer not to answer,Prefer not to answer,Good,Prefer not to answer,Prefer not to answer,Prefer not to answer,Prefer not to answer,Pre school,Asia,Asia,Cluster1,Cluster1,Cluster2,Others,0,0%,,,,,,,,,,,,
2023-07-11,40s,Female,Permanent staff,CRD: Cosmic-ray physics (Direct),Theorist,> 10 years,No,Yes,Good,Poor,Good,Good,Good,Agree,Agree,Agree,Agree,Elementary school,Europe,Europe,Cluster2,Cluster2,Others,Cluster2,4,40%,,,,,,,,,,,,
2023-07-11,30s,Male,Postdoc,GA: Gamma-ray astronomy,Prefer not to answer,3 - 5 years,No,No,Very Poor,Poor,Good,Very Good,Very Poor,Agree,Agree,Agree,Agree,High school,Europe,Europe,Cluster1,Cluster1,Cluster2,Cluster1,2,10%,0.0,0.0,,,,,,,,,,
2023-07-11,30s,Female,Master,GA: Gamma-ray astronomy,Experimentalist,1 - 3 years,Yes,Yes,Poor,Good,Good,Good,No interest,Agree,Agree,Agree,Agree,Elementary school,Europe,Europe,Cluster1,Others,Cluster1,Others,4,30%,,,,,,,,,,,,
2023-07-11,20s,Male,Doctrate,CRI: Cosmic-ray physics (Indirect),Prefer not to answer,1 - 3 years,No,No,Very Good,Very Good,Very Good,Very Good,Very Good,Agree,Agree,Agree,Agree,Elementary school,Europe,Asia,Cluster1,Cluster2,Cluster2,Cluster2,4,50%,,,,,,,,,,,,
2023-07-12,30s,Female,Postdoc,MM&GW: Multimessenger & gravitational wave,Others,5 - 10 yeas,Yes,Yes,Good,Poor,Good,Good,Good,Agree,Agree,Agree,Agree,Junior High school,Europe,Europe,Cluster1,Cluster2,Cluster1,Cluster2,2,(rare),,,,,,,-0.0555555555555555,0.611111111111111,0.075,0.575,,
2023-07-12,40s,Male,Permanent staff,GA: Gamma-ray astronomy,Experimentalist,> 10 years,Yes,No,Very Good,Very Good,Very Good,Very Good,Good,No interest,No interest,No interest,No interest,Elementary school,America,America,Cluster2,Others,Others,Cluster2,4,30%,-0.0999999999999999,0.4944444444444444,0.0,0.0,-0.1666666666666666,0.5,0.2624999999999999,0.4125,0.0,0.0,,
2023-07-12,60s,Male,Permanent staff,GA: Gamma-ray astronomy,Prefer not to answer,> 10 years,Prefer not to answer,No,Very Poor,Very Poor,Very Poor,Very Poor,Very Poor,Agree,Agree,Agree,Agree,Pre school,Asia,Asia,Cluster2,Cluster1,Others,Cluster1,1,20%,,,,,,,,,-0.52,0.78,,
2023-07-12,20s,Male,Doctrate,CRI: Cosmic-ray physics (Indirect),Experimentalist,3 - 5 years,Yes,No,Good,Good,Good,Good,Poor,Agree,Agree,Agree,Agree,Elementary school,Asia,Oceania,Cluster1,Cluster1,Cluster2,Cluster1,1,10%,,,,,,,,,,,,
2023-07-12,30s,Male,Postdoc,GA: Gamma-ray astronomy,Others,5 - 10 yeas,Prefer not to answer,No,Prefer not to answer,Prefer not to answer,Prefer not to answer,Prefer not to answer,Poor,Agree,Agree,Agree,Agree,Elementary school,Europe,Europe,Cluster1,Cluster1,Cluster2,Cluster1,3,20%,,,,,,,,,,,,
2023-07-12,30s,Male,Doctrate,SH: Solar & heliospheric physics,Experimentalist,5 - 10 yeas,Yes,Yes,Very Good,Very Good,Very Good,Very Good,Good,Agree,Agree,Agree,Agree,High school,Asia,Asia,Cluster1,Cluster2,Cluster2,Cluster2,10+,50%,,,,,,,,,,,,
2023-07-12,20s,Male,Master,NU: Neutrino astronomy & physics,Experimentalist,5 - 10 yeas,Yes,No,Good,Good,Good,Poor,Good,Agree,Agree,Agree,Agree,High school,Europe,Europe,Cluster1,Others,Cluster2,Cluster2,2,30%,,,,,,,,,0.1,0.2,,
2023-07-13,30s,Male,Permanent staff,CRI: Cosmic-ray physics (Indirect),Experimentalist,> 10 years,No,Yes,Good,Poor,Very Poor,Poor,Good,Prefer not to answer,Agree,Agree,Agree,Pre school,Asia,Asia,Cluster1,Cluster2,Cluster2,Cluster2,6,40%,,,,,,,,,,,,
2023-07-13,20s,Male,Doctrate,NU: Neutrino astronomy & physics,Experimentalist,3 - 5 years,Yes,No,Good,Poor,Good,Very Good,Good,Agree,Agree,Agree,Agree,Elementary school,Europe,Europe,Cluster1,Others,Cluster2,Cluster2,2,30%,,,,,,,,,,,,
2023-07-13,20s,Male,Doctrate,CRI: Cosmic-ray physics (Indirect),Theorist,3 - 5 years,Yes,No,Very Good,Very Good,Very Good,Very Good,Good,Agree,Agree,Agree,Agree,Elementary school,Europe,Europe,Cluster1,Cluster2,Cluster2,Cluster2,4,50%,,,,,,,0.0,0.0,,,,
2023-07-13,20s,Female,Doctrate,MM&GW: Multimessenger & gravitational wave,Experimentalist,1 - 3 years,Prefer not to answer,No,Good,Good,Good,Good,Very Good,Agree,Agree,Agree,Agree,Junior High school,Europe,Europe,Cluster1,Cluster2,Cluster1,Cluster2,5,(rare),,,,,,,,,,,,
2023-07-14,20s,Female,Master,NU: Neutrino astronomy & physics,Experimentalist,1 - 3 years,Prefer not to answer,No,Very Poor,Very Poor,Good,Poor,Poor,Disagree,Disagree,Agree,Agree,Junior High school,America,America,Cluster1,Others,Cluster1,Others,6,30%,,,,,,,,,,,,
2023-07-14,30s,Female,Postdoc,DM: Dark-matter physics,Others,3 - 5 years,No,No,Very Good,Very Good,Very Good,Very Good,Very Poor,Agree,Agree,Agree,Agree,High school,America,America,Cluster1,Cluster1,Cluster1,Cluster1,3,0%,,,,,,,-0.0428571428571428,0.3999999999999999,,,,
2023-07-14,30s,Male,Postdoc,NU: Neutrino astronomy & physics,Others,> 10 years,Yes,No,Very Poor,Poor,Poor,Good,Very Poor,Agree,Agree,Agree,Agree,Elementary school,Europe,Europe,Cluster1,Cluster1,Cluster2,Cluster1,4,20%,,,0.0,0.0,,,,,,,,
2023-07-14,40s,Male,Permanent staff,CRI: Cosmic-ray physics (Indirect),Experimentalist,> 10 years,Yes,Yes,Good,Poor,Good,Good,Good,Agree,Agree,Agree,Agree,Elementary school,America,America,Cluster2,Others,Others,Cluster2,2,35%,,,0.0,0.0,0.1699999999999999,0.37,0.0,0.0,0.0,0.0,0.0,0.0
2023-07-14,30s,Male,Doctrate,NU: Neutrino astronomy & physics,Experimentalist,3 - 5 years,Yes,No,Very Good,Very Good,Very Good,Very Good,Good,Agree,Agree,Agree,Agree,Elementary school,America,Africa,Cluster1,Cluster1,Cluster2,Others,Prefer not to answer,Prefer not to answer,,,,,,,,,,,,
2023-07-14,20s,Male,Undergraduate,CRI: Cosmic-ray physics (Indirect),Others,1 - 3 years,Yes,Yes,Very Good,Very Good,Very Good,Very Good,Poor,Disagree,Agree,Agree,Agree,Elementary school,America,America,Cluster1,Cluster2,Cluster2,Others,6,40%,,,,,,,,,,,0.1722222222222222,0.3666666666666667
2023-07-14,30s,Female,Doctrate,NU: Neutrino astronomy & physics,Prefer not to answer,5 - 10 yeas,No,No,No interest,No interest,No interest,No interest,No interest,No interest,No interest,No interest,No interest,Elementary school,Europe,Europe,Cluster1,Cluster2,Cluster1,Others,1,60%,0.0333333333333333,0.0666666666666666,0.1,0.4,0.0,0.0,0.0,1.0,-0.3,0.5,,
2023-07-14,60s,Male,Permanent staff,CRI: Cosmic-ray physics (Indirect),Experimentalist,> 10 years,Prefer not to answer,Yes,Good,Good,Good,Good,Poor,Agree,Agree,Agree,Agree,Prefer not to answer,Asia,Asia,Cluster2,Cluster1,Others,Cluster1,2,0%,0.0,0.0,,,,,,,0.5,0.5,,
2023-07-15,40s,Male,Permanent staff,CRI: Cosmic-ray physics (Indirect),Theorist,> 10 years,Yes,No,Very Good,Good,Very Good,Very Good,Very Good,Agree,Agree,Agree,Agree,Elementary school,America,Europe,Cluster2,Cluster2,Others,Cluster2,3,50%,,,,,,,,,,,,
2023-07-15,40s,Male,Permanent staff,CRI: Cosmic-ray physics (Indirect),Experimentalist,> 10 years,Yes,No,Good,Good,Very Good,Very Good,Good,Agree,Prefer not to answer,Agree,Agree,High school,Europe,Europe,Cluster2,Cluster2,Others,Cluster2,2,40%,0.0,0.125,0.2722222222222222,0.7444444444444445,,,0.0,0.0,,,,
2023-07-15,20s,Male,Postdoc,GA: Gamma-ray astronomy,Experimentalist,3 - 5 years,Yes,No,Poor,Poor,Poor,Poor,Poor,Agree,Agree,Agree,Agree,University,Asia,Asia,Cluster1,Cluster1,Cluster2,Cluster1,5,0%,,,,,,,,,,,,
2023-07-15,50s,Male,Permanent staff,CRI: Cosmic-ray physics (Indirect),Experimentalist,> 10 years,No,No,Prefer not to answer,Prefer not to answer,Prefer not to answer,Prefer not to answer,Very Good,Disagree,Disagree,Disagree,Disagree,Junior High school,Europe,Europe,Cluster2,Cluster2,Others,Cluster2,6,50%,,,,,0.13125,0.35,0.0833333333333333,0.5583333333333332,,,,
2023-07-17,30s,Female,Permanent staff,DM: Dark-matter physics,Theorist,> 10 years,Yes,Yes,Very Poor,Very Poor,Very Poor,Very Poor,Very Poor,Disagree,Agree,Agree,Agree,High school,Europe,Europe,Cluster1,Cluster1,Cluster1,Cluster1,6,10%,,,0.5,0.5,-0.01,0.6799999999999999,0.0,0.0,0.15,0.5,,
2023-07-17,60s,Male,Permanent staff,CRD: Cosmic-ray physics (Direct),Experimentalist,> 10 years,No,No,Poor,Poor,Poor,Poor,Poor,Agree,No interest,Agree,No interest,High school,Asia,Asia,Cluster2,Cluster1,Others,Cluster1,2,0%,,,,,,,,,,,,
2023-07-17,40s,Male,Permanent staff,GA: Gamma-ray astronomy,Experimentalist,> 10 years,Yes,No,Good,Good,Poor,Good,Very Poor,Agree,Agree,Agree,Agree,High school,America,America,Cluster2,Cluster1,Others,Cluster1,3,20%,,,,,,,,,,,,
2023-07-17,20s,Female,Doctrate,CRD: Cosmic-ray physics (Direct),Theorist,1 - 3 years,Yes,Yes,Good,Poor,Poor,Poor,Good,Agree,Agree,Agree,Agree,Elementary school,America,America,Cluster1,Cluster2,Cluster1,Cluster2,3,50%,,,,,,,,,0.1252525252525252,0.4920454545454545,,
2023-07-17,20s,Female,Doctrate,GA: Gamma-ray astronomy,Theorist,3 - 5 years,No,Yes,No interest,No interest,No interest,No interest,Very Poor,Agree,Agree,Agree,Agree,High school,Asia,Asia,Cluster1,Cluster1,Cluster1,Cluster1,0,0%,,,,,,,,,,,,
2023-07-17,30s,Male,Doctrate,CRD: Cosmic-ray physics (Direct),Experimentalist,5 - 10 yeas,Prefer not to answer,No,Prefer not to answer,Prefer not to answer,Prefer not to answer,Prefer not to answer,Good,Prefer not to answer,Prefer not to answer,Prefer not to answer,Prefer not to answer,Elementary school,Europe,Europe,Cluster1,Cluster2,Cluster2,Cluster2,Prefer not to answer,50%,,,,,,,,,,,,
2023-07-17,40s,Male,Fixed-term staff,NU: Neutrino astronomy & physics,Experimentalist,> 10 years,No,No,Good,Good,Good,Good,Good,Agree,Agree,Agree,Agree,Elementary school,Asia,Asia,Cluster2,Cluster2,Others,Cluster2,2,50%,,,,,,,,,,,,
2023-07-17,30s,Male,Doctrate,CRI: Cosmic-ray physics (Indirect),Others,1 - 3 years,No,Yes,Poor,Poor,Poor,Poor,Prefer not to answer,Agree,Agree,Agree,Agree,Elementary school,America,America,Cluster1,Cluster1,Cluster2,Others,3,Prefer not to answer,0.3571428571428571,0.5714285714285714,0.3125,0.48125,0.3321212121212121,0.4803030303030303,0.0660714285714285,0.5142857142857143,0.1366666666666667,0.4033333333333333,0.0,0.0
2023-07-18,40s,Male,Permanent staff,MM&GW: Multimessenger & gravitational wave,Experimentalist,> 10 years,Yes,Yes,Good,Poor,Good,Good,Poor,Agree,Agree,Agree,Agree,Elementary school,America,America,Cluster2,Cluster1,Others,Cluster1,1,20%,,,,,,,0.0934108527131782,0.4766519010705058,,,0.0,0.0
2023-07-18,30s,Female,Permanent staff,GA: Gamma-ray astronomy,Experimentalist,> 10 years,Yes,No,Good,Poor,Good,Good,Poor,Agree,Agree,Agree,Agree,Elementary school,America,America,Cluster1,Cluster1,Cluster1,Cluster1,4,20%,,,,,,,0.03125,0.55,0.3,0.50625,,
2023-07-18,20s,Male,Doctrate,CRI: Cosmic-ray physics (Indirect),Theorist,1 - 3 years,Yes,Yes,Very Good,Good,Good,Very Good,Very Good,Agree,Agree,Agree,Agree,Elementary school,Europe,Europe,Cluster1,Cluster2,Cluster2,Cluster2,1,50%,,,,,,,,,,,,
2023-07-18,30s,Male,Fixed-term staff,SH: Solar & heliospheric physics,Theorist,> 10 years,Yes,No,Very Good,Very Good,Very Good,Very Good,Very Poor,Agree,Agree,Agree,Agree,Junior High school,Europe,Europe,Cluster1,Cluster1,Cluster2,Cluster1,2,10%,-0.5,1.0,0.0,0.0,,,,,,,,
2023-07-18,20s,Male,Doctrate,CRI: Cosmic-ray physics (Indirect),Experimentalist,5 - 10 yeas,No,No,Poor,Good,Good,Good,Poor,Agree,Agree,Agree,Agree,Pre school,Asia,Asia,Cluster1,Cluster1,Cluster2,Cluster1,2,10%,,,,,,,,,,,,
2023-07-20,20s,Male,Master,SH: Solar & heliospheric physics,Others,3 - 5 years,Yes,Yes,Good,Good,Good,Good,Good,Agree,Agree,Agree,Agree,High school,Asia,Asia,Cluster1,Cluster2,Cluster2,Cluster2,2,50%,,,,,,,,,,,,
2023-07-20,30s,Female,Doctrate,CRI: Cosmic-ray physics (Indirect),Experimentalist,5 - 10 yeas,No,No,Poor,Good,No interest,Very Poor,Poor,Agree,Agree,Agree,Agree,Junior High school,America,Europe,Cluster1,Cluster1,Cluster1,Cluster1,4,20%,0.0,0.0666666666666666,0.25,0.9166666666666669,0.2166666666666666,0.5652777777777778,0.125,0.4583333333333333,-0.4,0.75,0.0,0.0
2023-07-20,20s,Male,Doctrate,CRD: Cosmic-ray physics (Direct),Experimentalist,1 - 3 years,Prefer not to answer,No,Poor,No interest,Very Good,Prefer not to answer,Prefer not to answer,No interest,Agree,Agree,Prefer not to answer,Junior High school,Asia,Asia,Cluster1,Cluster1,Cluster2,Others,Prefer not to answer,Prefer not to answer,,,,,,,,,,,,
2023-07-21,50s,Male,Permanent staff,GA: Gamma-ray astronomy,Experimentalist,> 10 years,Yes,No,Good,Good,Good,Good,Poor,Agree,Agree,Agree,Agree,High school,Asia,Asia,Cluster2,Cluster1,Others,Cluster1,1,15%,,,,,,,,,,,,
2023-07-21,60s,Male,Permanent staff,CRD: Cosmic-ray physics (Direct),Experimentalist,> 10 years,Yes,No,Very Poor,Poor,Good,Good,Very Poor,Disagree,Agree,Agree,Agree,Junior High school,Asia,Asia,Cluster2,Cluster1,Others,Cluster1,2,0%,,,,,,,,,,,,
2023-07-21,30s,Male,Permanent staff,CRI: Cosmic-ray physics (Indirect),Theorist,5 - 10 yeas,Yes,No,Good,Good,Very Good,Very Good,Good,No interest,No interest,Agree,Agree,High school,Europe,Europe,Cluster1,Others,Cluster2,Others,2,25%,,,,,,,,,,,,
2023-07-21,30s,Female,Master,CRD: Cosmic-ray physics (Direct),Theorist,1 - 3 years,Prefer not to answer,Yes,Good,Good,Good,Good,Good,Agree,Agree,Agree,Agree,Elementary school,Europe,Europe,Cluster1,Cluster2,Cluster1,Cluster2,1,40%,,,,,,,,,,,,
2023-07-24,50s,Male,Permanent staff,GA: Gamma-ray astronomy,Experimentalist,> 10 years,Yes,No,Very Good,Very Good,Very Good,Very Good,Poor,Agree,Agree,Agree,Agree,Elementary school,America,America,Cluster2,Cluster1,Others,Cluster1,2,15%,,,,,,,,,,,,
2023-07-24,20s,Female,Postdoc,DM: Dark-matter physics,Others,3 - 5 years,No,Yes,Good,Very Poor,Good,Very Poor,Poor,Agree,Agree,Agree,Agree,Elementary school,Asia,Europe,Cluster1,Others,Cluster1,Others,1,30%,,,,,0.3277777777777777,0.6037037037037036,0.1549999999999999,0.6580555555555556,0.237037037037037,0.5481481481481482,,
2023-07-24,20s,Female,Doctrate,CRD: Cosmic-ray physics (Direct),Theorist,3 - 5 years,Yes,No,Good,Good,Good,Good,Good,Agree,Agree,Agree,Agree,Pre school,Europe,Europe,Cluster1,Others,Cluster1,Cluster2,2,35%,,,,,,,0.35,0.35,-0.0124999999999999,0.3375,,
2023-07-25,50s,Male,Permanent staff,DM: Dark-matter physics,Theorist,> 10 years,Yes,Yes,Poor,Good,Good,Good,Poor,Agree,Agree,Agree,Agree,Elementary school,Europe,Europe,Cluster2,Others,Others,Others,2,25%,0.7,0.9,0.0,0.0,0.394,0.78,-0.3,0.3999999999999999,0.0,0.75,,
2023-07-25,20s,Female,Doctrate,MM&GW: Multimessenger & gravitational wave,Theorist,1 - 3 years,Yes,Yes,Good,Good,Good,Good,Good,Agree,Agree,Agree,Agree,Elementary school,Europe,Europe,Cluster1,Others,Cluster1,Cluster2,2,30%,,,,,,,,,0.0,1.0,,
2023-07-25,30s,Female,Permanent staff,GA: Gamma-ray astronomy,Theorist,5 - 10 yeas,Yes,Yes,Poor,Poor,Poor,Poor,Prefer not to answer,Agree,Agree,Agree,Agree,Elementary school,Asia,Asia,Cluster1,Cluster1,Cluster1,Others,1,20%,,,,,,,,,,,,
2023-07-25,50s,Male,Permanent staff,CRI: Cosmic-ray physics (Indirect),Experimentalist,3 - 5 years,Yes,Yes,Very Good,Very Good,Very Good,Good,Good,Prefer not to answer,Prefer not to answer,Prefer not to answer,Prefer not to answer,High school,Europe,Europe,Cluster2,Cluster1,Others,Others,1,20%,0.0,0.0,,,0.0,0.0,,,,,,
2023-07-27,30s,Male,Doctrate,DM: Dark-matter physics,Experimentalist,5 - 10 yeas,Yes,Yes,Good,Good,Good,Good,Good,Agree,Agree,Agree,Agree,Junior High school,Asia,Asia,Cluster1,Others,Cluster2,Cluster2,4,30%,0.0249999999999999,0.6583333333333333,3.7007434154171876e-17,0.7555555555555555,,,,,,,,
